,0,1,2,3,4,5,6,7,8,9,10,11,12,13,14,15,16,17,18,19,20,21,22,23,24,25,26,27,28,29,30,31,32,33,34,35,36,37,38,39,40,41,42,43,44,45,46,47,48,49,50
0,1.0,-22.805654731278555,19.346770188035723,-16.99331477832003,-22.078118191567007,-12.75199028869617,15.9187327442387,-2.1342763456899023,4.17149271569468,0.5196142292414361,-0.41447934453038626,-0.09715424887885461,0.043096500537280494,-0.20996394870886864,-0.08469002665346329,0.2791429098476477,-0.10604325744651247,-0.6970659907008752,-0.14115947897807204,0.12418210901182139,0.3675949984867398,0.3581037951123259,0.1102259828853701,0.1917227804852795,-0.057493065734167376,-0.12427521415485587,-0.02727130491225871,-0.12828789165210625,-0.961469598106534,0.13068752686216692,-0.34756193937855406,0.3437089836044823,-0.3169404401078825,0.10643132480995851,-0.15360123238859724,0.005998026627163755,-0.25878849260428793,0.6684255921550333,0.4172286418125797,0.33505060477965776,-0.14883505896952554,0.21594935279326655,-0.1016325631999872,-0.009263660081723274,0.014397706412068167,-0.11415140237183785,0.02234247439627806,0.05356068024082142,-0.043010523204724316,0.029593369940486114,-1.0269562977782698e-15
1,1.0,-22.46690313455066,19.737426138606626,-17.788878960049537,-22.227310901058175,-13.152118303659847,15.415004355244967,-1.9964993650084055,3.890433620230812,0.003892491017172761,3.8093263946461713,0.21043368920045602,0.18836912472032294,3.5884030431753926,0.5272028090640446,0.7167319097904274,-0.21402632232925625,0.3946527773786665,-0.8686564182542627,-0.6589856308877917,-0.17779850220078341,-0.21906256443493785,-0.46235489488306625,-0.4000952250227414,-0.22827000170176906,-0.5072322321046459,-0.1314043200918641,0.10276424258639553,0.23169610166906807,-0.09766917161058195,0.011156083270166942,-0.057215301688692044,0.04999297259642341,-0.04697226590898754,0.06700280565873473,0.022370563051421627,-0.004801929896191687,-0.11646601631061682,-0.06573552596851759,-0.05446417961899275,0.044285447936302846,-0.0024332694083065154,0.02884310112065336,-0.029510677350122125,-0.018036602764775478,0.07540256313008731,-0.01014996819209231,-0.04478364801661866,0.010786249340960504,0.00926560634289092,-6.253331186201194e-14
2,1.0,-22.547335505259518,19.354687108854375,-16.55136606597658,-21.666824679943065,-12.394797620441175,15.74428671985515,-2.22967731432974,4.0696574904385345,0.6688589370282709,-1.896588675197907,-0.051499628249160115,-0.0370358584434595,-1.8932177271567283,-0.22167380379065976,-0.650643638361763,0.1681606415635329,0.19751920406740392,0.2742646891382247,0.08435302511567058,-0.036739906059297556,0.08312535766725207,-0.08091460543907594,-0.4152623443194494,-0.28235604873011977,0.05249621591587442,-0.1415052870368603,0.12327856900594093,1.0227951949718963,0.1784002982575492,0.18302462474485962,-0.49340294261893397,0.1974939119918101,-0.20234142766805976,0.5308674555206307,0.04476560398606494,0.04275696972969659,0.29632829821139384,0.30422243171079655,0.28632772452302657,-0.11548756138463817,0.015619976539226144,0.09192255503431918,-0.07898404474080081,-0.05130944740708199,0.1067279915168291,0.001951210969987821,-0.02200355385870892,0.033417689244174785,0.0738126414748721,2.275957200481571e-15
3,1.0,-22.85315503905439,19.240348357011648,-16.450147023085947,-21.817312453994724,-12.635060154803838,15.857037485600909,-2.159505013667274,4.06096156682166,0.6137955249470977,-1.8857659890681615,-0.08266151172396902,-0.09882503361973141,-1.7541748000298947,-0.23412703237447735,-0.15504232320065114,0.10157949115331624,-0.7897550378209605,-0.048638098252705514,0.1129447496879096,0.6501932208659795,0.5400809855554506,-0.04984650886096724,-0.26797752164816235,-0.38264435595865565,-0.2299073012771944,-0.03472408191614629,0.09539354475961363,-0.06461348078496948,-0.3246471136435242,0.07022249877084263,0.17829666534770783,0.046919558885603396,0.15118601425756945,-0.46187886891204744,-0.09331196232973113,0.062397161736994056,-0.6391494507377179,-0.4738926655243373,-0.452609483473855,0.24133273424187085,-0.10445702061038548,-0.02418042974932777,0.083037554954671,0.04867409264216227,-0.047780296597487726,-0.02028264343587935,-0.021704248651750913,-0.00897223559203398,-0.08647149916512814,-5.009881398621019e-14
4,1.0,-22.376601502046995,19.522973855494467,-17.023741984486914,-21.768747999224768,-12.480886060002163,15.491100377873174,-2.0302411491034196,3.9385159789770445,0.5539679790491945,0.0957260758205678,0.09970605953983068,0.02786973580567073,0.28087622698311987,0.0797916472290966,-0.2178614862242641,0.016080654762634816,0.9706226816254055,0.8015460469922289,0.3520924356331594,-0.8017987282643697,-0.7816153245673239,0.4761958177604212,0.8911863446598169,0.9410934980441873,0.8153979765590265,0.3324113430680403,-0.18516260909947638,-0.22188658499240793,0.1047579882501029,0.08701182070549682,0.034452127158055304,0.02245813459078788,-0.011924190908795734,0.016501734567105963,0.018063101399118986,0.15676316619891784,-0.214204163483381,-0.17976062643322277,-0.11558075526725431,-0.0192195750609514,-0.12881304531226184,0.009924071740965656,0.034604716580245304,0.0041504465465957985,-0.021228044269410384,0.006743900347112024,0.03498321496189494,0.005089178989440623,-0.02907565799092987,8.798517470154366e-15
5,2.0,18.519588219525335,0.31794840909629474,-5.7472223555146265,-12.199460343769024,0.9124247838834307,-8.48916030183153,21.439198315314517,-4.1520566110492085,-0.6136057788513314,-3.909493339359796,-1.1228018398949995,0.014418039073418473,0.8555068823472868,-0.08131460445662128,0.5914702491386385,-0.12489241242271504,0.7059561691173751,-0.30476707626638705,-0.256994421456986,-0.2297535052568801,1.113742654784664,-0.3716081979067358,0.07652126790021208,0.5480277589026396,-0.15615374938306203,0.7084562493481025,0.3923179688298525,0.015571398145879385,-0.12585829783759944,0.0677801945866417,-0.09636144404114852,0.07036874396321935,-0.08258872938572748,-0.05481265720397686,-0.08638463664881618,-0.08208171766424016,-0.05458898445386923,-0.06414026271343193,0.00014041023524785645,-0.4019088508918366,0.037359909881822695,-0.36448025621542335,-0.16660987800921215,0.11321145584740977,0.10391866658428972,0.06710324044715371,0.009801224674920062,0.014774468666980858,0.03791042367049789,-1.4224732503009818e-14
6,2.0,19.14034929414732,0.6018921479720719,-6.74910758220187,-12.752392312175983,-0.33056492738771937,-8.762129263545425,22.096911326312096,-4.370889947107502,-0.7076682148383577,2.893075099579212,0.8446068319918543,-0.15520326495184822,-0.7510923372795041,0.08272867022495736,-0.798826173823203,0.09488996287540921,-0.24296320411628758,0.056973206085614236,0.13682682452852024,0.18267774115234559,-0.428335510202984,0.15193405458107612,-0.16586256918000164,-0.23036242493156417,0.05263690032982965,-0.33860381506862497,0.11265918049095044,0.2602284094106001,0.9251803220933988,-0.1942019116436755,0.6518411909342652,0.017781306875781833,0.24809453239727028,0.057432797199856486,0.020821828129211184,-0.018432933546457753,-0.1458594593303824,-0.2660715927585255,-0.04110258842540357,-0.3971320600816103,0.04103342466995699,-0.3562445937415899,-0.1897815208312683,-0.002271190493885966,0.03595222474193377,0.002555462253302221,0.028396642255016064,0.004163164908169717,0.06241311799766611,-3.454181385365018e-14
7,2.0,18.625828325177373,0.38258704533925597,-5.895459839157375,-12.351860632063254,0.766752902025668,-8.699114748262724,21.91995334167489,-4.177643857512488,-0.665118470588888,-2.423104401740601,-0.7887640039580754,0.09703770147579578,0.8276699779343643,-0.10646627072199794,0.5227999536932939,-0.13535623535245778,0.16098513640498868,0.049799985048563616,0.037068446648717,0.12770337293582368,0.024924186171940962,-0.06256188091873138,0.03989234554526788,-0.06135713975753749,0.04387492290589862,0.020453897899795473,0.06867925696097256,0.1271202540793452,0.5358290949123807,-0.028283105888297577,0.4028135068467319,-0.13869032478128854,0.1220839617135068,0.09219220330013067,0.06794473299240217,0.049393685848807434,0.04606881247574533,0.2728031314246064,-0.049702266897448694,0.7034217473984248,-0.1506841542896284,0.6605608600117707,0.27296219097538443,-0.16437341705866526,-0.09120566938493808,-0.09083768759994013,-0.05219223248165339,-0.06329164069507087,-0.026872071851841373,-1.1254885912137524e-14
8,2.0,19.004702253722325,0.41646111369896655,-6.848378337969797,-13.093195216986313,-0.6444599391143998,-8.796475099910873,21.69865417042278,-4.531185729673722,-1.1484644561376298,5.164381486252989,1.7468270955493084,-0.17328438645235575,-1.8815898986970665,0.09859197253058428,-0.9773175723977643,0.004763223545070132,-0.38150257571550894,-0.3395807207111582,-0.1996762602751626,-0.2607043329822721,0.2575843656098516,-0.32419983843333755,0.14472710432547675,0.25737110231536536,0.11622947081631155,0.4797098252434873,0.004949355595681257,-0.2262007694638033,-0.6365002253904993,0.1274912096769903,-0.4215273745206598,0.024095630486861003,-0.1658435021083583,-0.05031100137203279,0.010063414404789917,-0.015993728244015848,0.06664863560118173,0.20769414433926983,0.029269132473885018,0.1826502034129529,-0.006518656866714705,0.20033003012088257,0.11226900919625712,0.04250214315823175,-0.005538860290547093,0.0028019668852174995,-0.00543337320364462,0.007360284744936052,-0.040724083740307906,-1.3183898417423734e-14
9,2.0,18.659860434274016,0.27109334948650216,-6.076383923250008,-12.48117596134322,0.5751938056453422,-8.654383147785166,22.044536238986144,-4.264004631655194,-0.7819556176579834,-2.0666010760937548,-0.6077372412946884,0.29374919877287897,0.9159252858502641,0.00044110673996556465,0.6326349987514077,0.1593280615004542,-0.2753284196056103,0.5140190549205553,0.24495589534606527,0.15342606465983766,-0.9443234712323436,0.5994213333411381,-0.10043698054344619,-0.5008060422539763,-0.06364646888485359,-0.8472688165176884,-0.5725575446360975,-0.18504510609104644,-0.6972321796449339,0.03125926395694595,-0.5424275919076205,0.025382507454448172,-0.12528712777358603,-0.04139963006691594,-0.00863799673543414,0.0716533605834416,0.08677715151544711,-0.15067681232614943,0.06645616229661477,-0.09353843451435653,0.07924273417015446,-0.13739288464038646,-0.03320546764978917,0.011710839998993583,-0.04343362356122765,0.02080492783909141,0.022128920423614307,0.0396128510973065,-0.03035067170878206,-1.426636586643326e-14
10,3.0,55.20463878626076,24.468667841921274,17.14099334157413,11.378915186509623,12.112959259310802,16.41746485007806,3.3544138608079477,-0.1985460778702568,-0.4820093033733738,0.19238253327570898,-0.003993510600456265,-0.0539594282707764,0.04265439135595264,0.005396781681972926,0.2707131078979491,0.6173500661771169,-0.4169893679504776,-0.23222067315245343,-0.02563739420632448,0.11072438207356616,0.15097188936837128,0.021776064705183593,0.7692078912518794,0.22097643159754596,-0.29095239405771095,-0.272291318866667,0.18363260179521113,0.2441444342305485,-0.053686308710149955,0.011645540008961508,-0.1166506966367922,0.00161047892109778,0.305875418636782,-0.053935542452448415,0.7171820086172718,-0.06563755480835609,-0.19362816361606885,-0.031297346970081005,0.6042851241731613,0.18841796928700044,-0.42768946043712686,-0.37628221933428335,0.27376536352080627,-0.08839643218169468,0.04088379070830028,0.0037504976911613974,0.0546662156459527,-0.01738708615477569,-0.019182085831032758,-7.66053886991358e-15
11,3.0,55.662803808939294,25.215845725971434,17.194927927264562,11.443590518569058,12.262238181193686,16.490931751255378,3.3651553293430574,-0.4375516496474675,-0.301275225680095,0.3198941918227482,-0.0725510679824107,-0.023919720088784353,0.06539970643331594,-0.09324745502966784,0.382179776086238,3.1400090939960794,0.3871483879027471,0.07026828624706599,0.047600901793941525,-0.1613484471269938,-0.08743888289568391,-0.07928422152134643,-0.7373081317331646,-0.24066631281999395,0.3018625983815243,0.3754072483126201,-0.10745193156244692,-0.2713750163063866,0.07334870218602568,-0.007996375689533597,0.09752725016391042,-0.0037434660943517217,-0.18202152409700828,-0.004885096537139311,-0.35836440924550467,-0.02271950695389184,-0.005288006535152379,0.013377864888256999,-0.0237732116465047,-0.000825704789915005,0.04010641594518571,0.08513261552455334,-0.07138524012403383,0.007835259754875534,-0.012353261536516502,-0.007833116295369508,0.012606000849754391,-0.007209778181232293,0.013222330786932635,6.938893903907228e-15
12,3.0,55.444963214487906,24.432562339497725,17.438619868190997,11.522810323878826,12.229343557607859,16.175761647661396,3.270116323757433,-0.2824230902411933,-0.2926216927223906,-0.05256700980792045,-0.09476772457244369,-0.12137037177149095,-0.08909986745092327,-0.04712725972075499,-0.3124665269297472,-0.968663690313491,0.3254947788726494,0.18693751588641244,-0.0483772947663578,-0.1467209110961975,0.05978043889040129,0.01430135958895211,-0.44312962250378235,-0.02678740284106665,0.13792861211294172,0.08661967999286574,0.07302303662100457,0.13321957120721695,-0.27007268985733157,3.248608000344655e-05,0.15363978583139926,-0.44496869621968765,0.04439316840093921,-0.03835235006383597,0.8550922075614513,0.3339141956774515,0.38406621788785184,-0.12872136071842658,-0.5670849498980931,-0.2637731433465587,0.31841166927020975,0.15602588963414352,0.005745405641127993,-0.039849578534272734,-0.1572613676641884,-0.051996395079759755,-0.05655018297408452,-0.003512316941480187,-0.016040202635778933,-2.6728619317850644e-14
13,3.0,55.308584667989614,24.07254002375434,17.531554925072097,11.553541270122775,12.240400784003855,15.974884700224452,3.2395858361104484,-0.24477166373202586,-0.34790283655383303,-0.19302396429483215,0.0020592442039846608,-0.0015683053640486513,-0.1564592927922956,0.07041372629644475,-0.356482423232982,-2.4290239822074993,0.3254288221109453,0.2244127836095593,-0.06744041332027577,-0.1314753682553872,-0.1659227040849047,0.038660547963253244,-0.8482735958451386,-0.2747506846482237,0.26043697198676574,0.30334847176024127,-0.3487106586624079,-0.3396498174131574,0.10795207943062188,0.044476026941716706,-0.001092254414906041,0.22007377726824404,-0.004263529813741285,0.03217922566895903,-0.4853982347757598,-0.24263878881942777,-0.22382632906389438,0.06223029524424116,0.32640438496533697,0.14431250804952922,-0.2605821347474464,-0.12822785209079812,-0.003941290703767711,0.017154814943813712,0.08552592576077978,0.035182893860664394,0.0329496601794039,-0.012866381976467223,0.013158491684472029,-1.0325074129013956e-14
14,3.0,55.11128676076704,24.31010476689364,17.334435130490153,11.44230441643775,12.015545532764463,16.31260751265575,3.4208954997073486,-0.1100826688521439,-0.5107709889676426,0.11957340919606863,0.039727166649256344,0.015275864856239909,0.12713168911116346,0.11055385851070984,0.021022222597332718,-0.4040970918183705,-0.624676922935036,-0.24104822220880912,0.09182891927562323,0.3367891302030108,0.042848264613391786,0.009390052333684385,1.2606230780492456,0.32357373102521836,-0.41876475829358006,-0.493481097272779,0.19390379624120957,0.23409840464702675,0.14179304387379477,-0.04691420999722673,-0.13558087054818296,0.2277811352964959,-0.16978090858421485,0.06176533841281476,-0.727172017072776,-0.006307262390679816,0.03614475716093113,0.08515638528723658,-0.33883712340361216,-0.06830299351923541,0.32774555813793255,0.2642591390117116,-0.20459592325156045,0.10493006250868345,0.043755307121159714,0.02111835198243253,-0.04503177678736217,0.04141471618524118,0.008585844357764716,-1.3905543383430086e-14
15,4.0,55.27328281484705,-9.700049187416734,-5.085369542045674,-6.2724650176174075,-3.212482980351263,-7.287867236296848,-11.313648512871024,-0.8737524411187332,-9.115236653045429,0.3796466667434153,-0.0362833082710668,-0.06533007575183783,-0.4525736739287646,-0.2906984919337278,0.7446123222979244,-0.1451639940959739,0.1517423899104318,-0.0013267749322443123,0.10185523156626652,-0.07257321617699478,-0.2731026269042058,0.6094912317672745,-0.20405041890274034,-0.05502066874847972,-0.4759207992576368,0.09023470344416032,0.46916390014117504,-0.16946763707010615,0.3784671378618608,0.42213790737265655,-0.07397893293584018,0.11016902085165009,-0.3504012621495588,-0.23817105052418014,0.18735243282806685,-0.02338584136749157,-0.09436019805484563,-0.09911795295615833,0.25785792555399856,-0.24503362687022473,0.12300082942531987,0.3163128584857543,0.31180616384739684,0.661329147326492,-0.01203039941287129,0.02760806678549163,0.03411036365706366,-0.03961652828316034,-0.17711069582938585,-9.825473767932635e-15
16,4.0,55.503118995826355,-9.58520358882064,-5.400147609458883,-6.478242884322837,-3.3173197745557195,-7.353956291253828,-10.904519137273754,-0.8354492694126237,-8.717226119835976,1.9840676318935615,0.16954586388423665,-0.23042940285075786,-1.5561650245758076,-0.6424806895608999,2.540041085981181,-0.2456258768853388,0.983932956840329,0.3882236421967308,0.018983854251757748,0.010075259296311395,0.7035938456209497,-0.5751732184129168,0.08737098555874079,0.0771635266458062,0.24286880817861134,-0.6301377414830523,-0.4278745444986479,-0.02448626431784562,0.030201632271771653,-0.1845203771080497,-0.0354562884825117,-0.02940811178696732,0.10163984037734602,0.10401704971313216,-0.06569737883928689,0.0995629877097321,0.0015750426266880613,-0.058472285046695716,-0.08000376789289863,0.08787735789906542,-0.012814781687791321,-0.10183138283590043,-0.10053744794774754,-0.21286394348605764,-0.014691173774727118,-0.023784350547460698,-0.04234758686885726,0.03437742157109276,0.08720481107667605,-2.892130979148533e-14
17,4.0,55.34159281472267,-9.573900666660697,-4.242545789664973,-5.53495208124891,-3.2675410946201136,-7.127284448449334,-11.089273812503183,-0.6772475968398207,-8.405886871917637,-1.6210989914832803,-0.08805512236397195,-0.009882781390300244,1.2745939065759453,0.46969987063046037,-2.205497357842918,0.3134999333375939,-0.33922245491141856,-0.007235615415085481,-0.23668654031386066,-0.3198702251181549,0.3599408862358582,-0.7455773215529273,0.00971703653623468,0.07083529817439618,0.5684546885524452,-0.4498919011492112,-0.46791215890377746,0.1654600652309136,-0.1809069303867434,-0.512301798571005,0.10024626159250316,-0.11980659315496263,0.19366616166934927,0.1036053714109115,-0.08065092924935749,-0.009152993255721865,-0.17187703987820224,0.09948663062321417,0.05121239511632669,-0.09021874448196551,0.06638925195037904,0.028299804424222197,0.2591067645634896,0.38502518113715106,-0.04135407641882946,0.027703091179784867,-0.014742102718987293,-0.024636814223391423,-0.044994382815367356,-3.6193270602780103e-14
18,4.0,55.178993886612574,-9.777284351195968,-4.3344495642376035,-5.789275145710907,-3.3942427933871664,-7.097445358498233,-11.262209658693015,-0.5445885682085544,-9.040587224244607,-0.9752710947145213,-0.042226540907112295,-0.029316149963587584,0.8544951920872551,0.2672427277202213,-1.2681047838748118,0.08225970150457562,-0.6584303825909026,-0.1584715534907134,-0.09313428663177861,0.0143760545715238,-4.655287847481204e-06,-0.09788139418821146,0.07999509560070694,-0.12932541233207706,0.19979428588228496,0.04363837182461375,0.24568738761561618,-0.4542254209887339,0.3523548277334754,0.6696617356025354,-0.27672449116944253,0.23045616814068898,-0.22881645926463656,-0.19574059861332022,0.19925974502365434,0.061719012033553386,0.19178661368025518,-0.1887148586337719,-0.055375645433957954,0.19741281277333622,-0.03347014745418264,-0.06425163788636457,-0.4157212517554094,-0.5965537949477998,0.07966336864183132,-0.05948724156291818,0.019915720950324012,0.05985247012445333,0.09872875963304661,1.2490009027033011e-15
19,4.0,55.17931811477678,-9.633096306561432,-4.648166145531772,-6.18010326184073,-3.233147805090682,-7.270190758939394,-11.13950331375864,-0.9202049484207546,-8.999764647427764,-0.09039331702449137,-0.23129958767230507,-0.07948538496058585,-0.14241967779117531,0.059432281867549425,0.11646824335170147,0.03147026030265554,-0.11589535834005305,-0.16359267933565058,0.23485471821541676,0.39736689416090354,-0.7844130093797812,0.7697353379049913,0.01731956901376186,0.04690724819195026,-0.5079406805187584,0.9119907346046512,0.16711763384144657,0.4771295510110307,-0.5739653470394598,-0.4253319024539258,0.30194545993575744,-0.1919381979235398,0.3047049413494486,0.24071013222349663,-0.24284518667069602,-0.12130725979316491,0.06885701854517334,0.24763194299600924,-0.17668828805111372,0.04726962803613838,-0.14242167047530646,-0.18285077453731202,-0.05375975091363833,-0.2305848972915251,-0.0127122526650848,0.02520999479857816,-0.0031468582088746144,-0.027418844265158615,0.04341362862280568,-1.8263168755083825e-14
20,5.0,54.387055827103794,-6.474389561186721,-5.531078758993428,2.169544224909623,-5.585122069274221,-7.791534460885499,-5.754860860206746,3.819318457166585,9.930999683942751,-1.0395262564034295,0.014556048412135883,0.07475268666461832,-0.5740018336076533,-0.19305995313574903,0.30578237541901576,-0.04672679797020285,-0.3373694693471073,-0.48200602310573437,-0.23621594538739246,0.036586509629697075,-0.6835973229822367,-0.494677158191851,-0.013160064306023234,0.2768566162357182,-0.21813224671648002,0.22837791939759772,-0.34588590937221325,-0.037187264737977954,0.06991688079388494,0.09392786194476338,0.0343830051537512,-0.07951782145953054,-0.06664331837274923,-0.07248026461088239,0.08938393061528116,-0.012185056033170882,-0.17821879064813867,-0.017355975665078627,0.0700544251844703,-0.09819637908324774,0.06293562652865295,0.09962712017274555,0.12820963712737976,0.08447078712119338,-0.18058059178342956,-0.1802451046000456,0.012424720823632607,0.524870218243167,0.6236340880711648,-8.298917109073045e-15
21,5.0,54.65144510628205,-6.227988445994798,-6.16036560646123,2.0515368707999726,-6.012755225383411,-8.15664475621169,-5.367827936757059,3.830927964059746,9.591657116167546,2.0904468590358394,0.2031432147140197,0.15908271658529238,1.4310748538307585,0.35852808871327757,-0.42671439896386476,0.031493019293188984,0.32492504779605974,0.5086704777031376,0.4163377110149104,0.4225096231384469,1.3504825143754131,1.1696290479707983,0.1691343927185156,-0.4248057760835504,0.24517636457664435,0.16869731252518183,-0.268717900087421,0.40445352009848556,0.054973258279230136,0.1558555848874177,-0.1306211794235781,-0.09160952178953626,0.0440388948219998,-0.2438154602768861,-0.13415712514648426,0.06333218059534851,0.05742568949382232,-0.01587240089895564,0.08792261191560519,0.06870282262551808,0.0009457494750257922,-0.0038901055860369738,-0.01791670601959544,0.039743310126988396,-0.26272205396637505,0.05003014195623835,0.06010249535479528,0.07971249283253748,0.07652802657891816,-9.742207041085749e-15
22,5.0,54.502285947279226,-6.415118805516642,-5.48320555598439,2.296736201251859,-5.682235383079477,-7.910165379006729,-5.592519243174294,3.789407788292079,9.73577923211506,-0.6870530544951114,-0.014761770447703798,-0.08019249516711374,-0.5258001862404786,-0.19879926481089966,0.19129265985210672,0.011821529243305734,-0.009945280583894545,-0.5383255255307542,-0.35153544136262294,0.08962148572896177,-0.5824197246552967,-0.6746825763768896,0.04471222583883838,0.22988958956086272,-0.12735200270179403,0.16074891831970856,-0.4349982055818876,0.20812949308563117,0.17808053595246534,0.3289998028518162,-0.034306240588834525,0.06687529801415179,0.1035303575635882,-0.018729699983372844,-0.0990105154511966,-0.056523269058799896,0.2728150667525984,-0.1349629284812639,-0.03594359927787233,0.042177386173631204,-0.017752578542536535,-0.16911588071605554,-0.08445614321353762,-0.017583549043774904,-0.46348786550013055,0.21300604601373013,0.0879155281714496,-0.35228509413243514,-0.5389086286930901,-2.6922908347160046e-15
23,5.0,54.51284600633054,-6.305188075260005,-5.691497779664659,2.181317372936003,-5.733758720882022,-7.974209181673652,-5.538665527609393,3.7695143725213778,9.818917619050218,-0.11557659821088274,0.017759764256955954,0.05813258903920804,-0.12370980585808906,-0.041340214153316374,0.1031462808111393,0.03950334587707921,-0.14756552352477914,0.037788567850801924,0.016434242447478375,0.13247656538041458,-0.02459125394530534,0.015976423757524283,0.056396268051198906,0.023016425841068583,-0.01043424748982108,0.02164038193199,-0.2718271367783451,-0.07165554064276403,-0.0937507950956866,-0.08758872637287299,0.17589592224553646,-0.12059071208713902,-0.06978071832596378,-0.08207494375170121,0.09183106752081815,0.09482825249363092,0.04936063043562805,-0.01020257042088657,-0.0043070830953897965,-0.13729140563294992,-0.05283330695032906,0.1639811761445219,0.007900376898765119,-0.06011930572421664,1.0602157553979965,-0.19350207546299678,-0.1096388036012177,-0.21027134706692904,-0.1583840562861799,-1.84297022087776e-14
24,5.0,54.767966068944844,-6.215052844388344,-5.661029808212445,2.4301164726849525,-5.52401651021928,-8.04495750258128,-5.5244229956247555,3.8160607945268694,9.891394597627606,-0.1224438655448711,0.05877320747506748,0.33320396610077646,-0.15351079667885492,0.16530296322899063,-0.06526455182902652,-0.03703599967620261,0.1189588379010022,0.40835329050760855,0.1436068019726613,-0.7035894424955957,-0.07248869694144383,0.02815019034902816,-0.23842271660445302,-0.12486871294210676,0.09730605720719057,-0.5521738074793722,1.333363383204046,-0.49337666383574885,-0.2147954825462087,-0.46336859585406875,-0.05905834296117635,0.22574679558078564,-0.024772377807485757,0.40511048817828416,0.050876388698126995,-0.09719660364057786,-0.19344247972298273,0.17605400294024043,-0.11933945122624737,0.13176572847113566,0.008222902673317878,-0.0904567985015855,-0.029873512171189914,-0.054436167823875836,-0.1520703703266313,0.11171351143792287,-0.044551331723992726,-0.0457638123484467,-0.011222880327275364,-5.218048215738236e-15
25,6.0,-30.50552282524493,-11.864875099094547,-23.348176248185375,3.7570285910094605,13.569609288336233,2.440310417290677,-5.8561390606216195,-13.836394074193347,1.7552367560959792,0.5136554666856988,-0.20509703187121753,0.022933449367372565,0.665596098383546,-0.05872326735525968,1.071248923373239,-0.23371464324609928,-0.9087113628527597,-0.010445808221862085,0.2153542628266854,0.7437633541575963,-0.19845672060653274,-0.45404013473594507,0.20934594251989713,-0.4418749485244121,1.1034030853984942,0.2191970484481562,0.4452188272955001,0.114953892094666,-0.06879573602396394,0.1501663487093139,-0.08575331088827767,0.029522762555241278,-0.0030148144295716883,-0.013331001047680147,-0.12227877453537798,0.03164353181768592,0.1191579626135626,0.05521553911587651,-0.12553681817996182,-0.4660624598915004,-0.42465119407408214,0.1081191691473824,0.2649674054968125,-0.017332191218417003,-0.039314950255684544,0.08685852017355543,0.03583862155960582,-0.05753147903942968,0.05706910897452194,1.2067603860632659e-14
26,6.0,-30.080937924354153,-11.806275079944347,-23.570824725653686,3.8348334161684905,13.80550363278006,2.3115133988581285,-5.921969749762459,-13.825851899494303,1.8894059523645244,0.12224926965563046,-0.06613499761700559,-0.018462620221551537,0.038508890953810104,-0.07140778681843801,-0.015161818359333501,-0.040332794439963876,0.16207124092287403,0.18227875723968834,0.2994776936105551,0.0787104696927447,-0.24229531114395964,-0.1521594632049968,-0.07042559518305874,0.1596778736401685,0.028516578878126655,0.0304168164029395,0.013284793776227377,0.21233726807671904,-0.055033796300102696,0.040981526277906744,-0.0029064830162387756,0.003914297618011736,-0.06124420125530944,-0.3045655357407342,0.15445621851027827,-0.043794171827165676,-0.16024609673688323,0.13630610948713037,0.08779005117005512,0.4480695766584329,0.5369761172749339,-0.2033582340205316,-0.21977729214247582,0.22601133964586978,0.05893092796729149,-0.0354346149176482,0.21499452373037686,-0.5727088686017052,0.397263738616475,-4.718014173787921e-15
27,6.0,-30.123817135459955,-11.780926266571296,-23.399379877698145,3.94066744289189,13.698996737265965,2.464666111636358,-6.207887100153646,-13.834542839643042,1.9107571609892566,-0.3447938863941603,0.0958641976118142,-0.14287702144958636,-0.5311542996949499,0.08419079203785228,-0.722447694186332,0.0920516314763127,0.29552768356439985,-0.23249276002671043,-0.5007429069242492,-0.6523445794047542,0.33213263029077145,0.3780244742329001,-0.021146776696982117,0.13555525601736146,-0.7186222831949295,-0.16787037195192644,-0.09617994557259785,-0.2279805715978679,0.00767441633742541,-0.23097478333937216,-0.05513980635345704,-0.14786601116645856,0.040367852133380844,0.33317389001390346,-0.2922186994731217,0.15652917755996607,0.3669326059944866,-0.755263174023617,0.11431766476536404,-0.07917209162815997,-0.3277433484223757,0.2302164206364088,0.16314962208203712,-0.1253024625071607,-0.07738948808094537,-0.02736349787275001,-0.023286809748338022,-0.17577147125141646,0.18266653290755597,1.3364743339794316e-14
28,6.0,-30.164516694377884,-11.77391804733648,-23.62716461322204,3.8186092502714954,13.815808169906333,2.365792983160506,-6.01924159245179,-13.907546242384644,1.9280647174282293,0.035421725078687266,-0.12565453246500544,-0.06331325380545771,0.017169205816903038,-0.030012371039749214,0.052098173205523735,-0.08693094725729517,0.024064893288067074,0.11080528024406983,0.18572870994471644,0.06737845852688035,-0.1092134350262053,-0.1178505324322622,-0.0572766873288203,0.09881438821052696,0.17132956401949126,0.16242934927269387,0.17230389814089386,0.16526155282664018,-0.0896949900255948,-0.2669412341990152,0.11687096653283954,-0.1098921089774203,0.04696130993394981,-0.11775078607690859,0.02550658163494203,-0.02968358103680245,0.00291094406173964,-0.23277112152076407,0.41914150470393974,0.2712660760288808,0.3686934131847016,0.021549988060195813,-0.3137485099009052,0.011763930491988983,0.042155199939999055,-0.061473227488362855,-0.2536001291576551,0.6099884768607783,-0.459765158909307,1.5395670849294163e-14
29,6.0,-30.132501401742367,-11.796843104788834,-23.447783630426414,3.899860097571672,13.73642133588364,2.327267205704729,-6.063725897400271,-13.7854419228882,1.8448833232780029,-0.19084796294493644,0.1322264001366137,0.057442418746819,-0.16279144904198173,0.09641022141161186,-0.416968716978917,0.25272994768714085,0.36154868001056645,-0.02809385061195291,-0.2092542025970363,-0.2396984188531847,0.2281485881251313,0.3408098332808377,-0.04062157259157306,0.028387703175190515,-0.5900877741454505,-0.24412266592417167,-0.5396848172920763,-0.2685199775243145,0.21442711222496869,0.31623412609637447,0.0221132170300741,0.2350632256183771,-0.01679190532373498,0.10650234760640392,0.23466939190656064,-0.11515457957548235,-0.3217138951019095,0.7968466750916932,-0.5040426194939038,-0.16878786293872775,-0.15444757780347088,-0.15970805810570776,0.10215883362219709,-0.09623149244333284,0.016525827790287106,0.038835155525210954,0.029433090751290192,0.1948350283205793,-0.17594055257871744,6.8144274945058925e-15
30,7.0,-39.601212078470446,2.3524552745967497,-3.8859176485679536,-2.2481000500025647,19.333131483433196,-6.63602398147661,-0.6406873165143042,14.342840148443294,-0.945785717937343,0.4505183837710506,-0.07673232722889797,0.002694049826309969,0.4234341030706313,0.07849716343520668,0.18847507470491462,-0.03235657980864702,-0.36664188707002415,0.26160148369538605,0.4233828257294302,0.35996123845208994,0.21281572366632406,-0.09652866529945045,-0.031342724476660866,0.059130439174698346,-0.01219081460095009,0.29967790548070483,-0.1113006500176838,-0.1143321932066963,0.14795352094706143,-0.07193019529155259,-0.20887058086793361,0.1484439268151578,-0.08618639427896457,0.6923824688392658,0.08207942675231134,-0.36670922560071617,0.0009717685941293408,-0.3185417090147086,-0.17444182619864576,0.0950222565367383,0.33297985161502913,-0.13684731403515785,0.36261565612075697,-0.07320941819304005,0.05203102539979115,-0.40652262166272135,0.4877302292551883,0.07742378985170767,-0.14137642196182146,3.627653732962699e-14
31,7.0,-39.2299238206533,2.55641887871779,-4.090614204832474,-2.1873480130488976,19.39995309676938,-6.902959564992615,-0.6155432259435392,14.339563576739724,-0.6670008854657599,0.828848796801615,0.12328063335966243,0.12694213544108948,0.7303535673523363,0.07342615842643395,-0.2713000555402151,0.09922712293306896,-0.3372195572447771,1.2139786775052268,1.1483349775129623,0.5002290268274012,0.027033453710256762,-0.5988194951598859,-0.3559520823396468,0.5908490675129255,-0.6488167566233657,0.06874932382064608,-0.11109547473188713,-0.10492076514497028,-0.0010600806328252554,0.1147563188590103,-0.02891752628890079,0.03136110353129226,0.07987976652208895,0.025329698387962896,0.07390506048365071,0.1040839311391592,-0.00904335974409226,0.029765372936375323,0.06639494088831599,-0.09784992213031238,-0.2542962616438867,0.1337322273663924,-0.1791099379196378,0.07764008347074042,-0.07140275656901404,0.2762399621825604,-0.4397246193167704,-0.0836807954227245,0.09100021342932718,2.403632848313464e-14
32,7.0,-39.2962071782704,2.4652439374957664,-3.6996300039384016,-2.0390276899122477,19.59095878111149,-6.759005697257461,-0.910924191347398,14.180241532768635,-0.905671388506699,-0.24824528957212125,-0.015907977820722216,-0.010356728629388953,-0.365709384479814,-0.025925414641735894,-0.08983032890929557,-0.02493553047114888,0.3064291170071446,-0.18843464231983448,-0.3179008465204608,-0.37719496488897664,-0.10416891416036078,-0.03623340688606383,-0.038624790431703915,-0.0539543239036315,-0.021619215743651124,-0.2903951406269519,0.19735458862177244,0.1395509354127582,-0.163951931390098,-0.1215722599872639,0.1421241831911804,-0.20546882244520748,0.13751607012020498,-0.4718013319520086,-0.06705490422056763,0.24540760349400215,0.052074830765768076,0.14419234841061995,0.06949259810897035,-0.042610257119091874,-0.2887349491482506,0.2722957101116099,-0.3632316962545622,0.04351390132336669,0.11012102600360665,0.2650588441529788,0.7232409992784582,0.18218650046362733,-0.03451482568498457,1.609823385706477e-14
33,7.0,-39.25945297739057,2.4216452546572325,-3.715252690315572,-2.0590575747674054,19.44734627866386,-6.718697223917588,-0.7327457021120318,13.98931724500445,-0.912869514294465,-0.17076523234114316,0.040533823737680566,-0.06393147790256111,-0.307733006436799,-0.023605720734895863,-0.24363411603575424,-0.036621874059509146,0.46530390389963366,-0.1917369161934241,-0.41904979720448043,-0.41923013694104216,-0.19872974045025107,0.08466983322408281,0.03884024287060067,-0.12617105514376628,0.10779007061325568,-0.22655340071552418,0.31518857165483893,0.1921444140530034,-0.015236109841564677,0.15657400442551112,0.07160502562810964,-0.05710182879002426,-0.061345725253300454,-0.620526660073871,-0.41826787063889825,0.2909367581622216,0.17663685672317891,0.22085246676055265,0.04440953688551286,-0.02079724854672585,0.10602425537804391,-0.37219647083678936,0.4352631720480247,-0.1826350764015866,-0.09280174397592061,-0.482695526146071,-0.36891256713718257,-0.06273760954476881,-0.02071683268004315,2.736699755701011e-14
34,7.0,-39.6892260848261,2.2634184067857768,-3.5005875118504575,-2.1817142988790033,19.33329208045026,-6.5150899114508825,-0.9291105372445402,14.113500545349684,-0.9839270055282014,-0.5640989994198076,-0.11450130974460987,-0.07174030331650383,-0.5323395527391178,-0.11204477460331273,0.3840228162998087,0.023986157027351712,-0.08412224148567998,-1.1078429795342415,-0.8685106074628041,-0.06453599794840836,0.053493586405533845,0.6504343412827179,0.3812830229129856,-0.4723050360819281,0.5865264962133241,0.1504711846800887,-0.29481177699411143,-0.10743042101677613,0.02536349463134053,-0.08545105154396565,0.030335716258139092,0.08186591571400206,-0.07414370451750316,0.36842049960306533,0.3266469207975069,-0.27507977727939786,-0.22264207415099768,-0.07979463514413915,-0.0068772109044906715,0.060829017786924205,0.10395941385679326,0.10045280961785497,-0.25285957762476147,0.13486553923548145,0.0009280277390111558,0.34482753582296677,-0.408065316515002,-0.11478354586037012,0.10446663119002075,1.7680301667155618e-14
35,8.0,-40.71595381610992,53.97373057656802,17.080305443528434,8.263502481992832,-8.718435892342574,-10.341984426246816,-3.1947442657843435,-4.400218993469765,0.22868270466139873,0.25246366786992075,-0.27564131497048605,-0.7196656600945157,0.3261491548655738,-2.5361090886953126,-0.7090231014273217,0.08144358506741148,0.8284711933865865,0.33766665765084725,0.024674893110212537,-0.012229075845143711,-0.15905046827627106,-0.37753304352462047,0.5809554338362549,-0.8701028760799716,-0.224879448751972,0.23086862729611138,0.08394822548868247,-0.20547039242474213,-0.09798575225253081,0.13923674818418214,-0.14607376715508844,0.14985689512922928,0.6536526138384061,0.021138679216252898,0.03732008232845485,-0.18693647156619553,0.0037835491345644123,0.001457627970496346,0.013501859621215084,-0.11112965950569831,-0.013375722514063049,0.15431126195442424,-0.17287032238919048,0.13522340627672846,-0.019283999238996263,-0.2692846409576757,-0.02965617030691181,-0.023068455207332833,0.016921495215311833,1.9761969838327786e-14
36,8.0,-41.026532107560485,53.73829228931617,16.687280112520828,8.119321247635327,-8.805712347665695,-10.113813135374638,-3.2908442195749275,-4.457070217288596,0.006278666927359566,0.37745442824917613,-0.2811025499387001,-0.5411105339633487,0.3765753070236458,-2.056883941961317,-0.25464131852238875,-0.036949259152557534,-0.19766923875733822,-0.10358035740048244,0.07809222755712797,-0.012221227122786116,0.0020539689894094604,0.09057169923094853,-0.19269281922510081,0.2778352555338054,0.04950571670239681,-0.10381892060970224,0.015565862666633762,0.10898534654303466,0.06742744681661234,0.0019489469619684008,0.13997590204825866,-0.05000693654103072,-0.4061708233620529,-0.035438181044985084,-0.11253467831302874,0.10859645849947763,0.18443421908243104,-0.09383727687225127,-0.11221649047318749,0.23728465884208705,0.17754222353239638,-0.27320536009099905,0.46443066381373344,-0.13975386366395218,0.21035167333856242,0.6801663487736512,0.03133941968330345,0.15842663596956652,0.05892210235664824,2.5368596112684827e-14
37,8.0,-40.94624072655018,53.20318862032585,17.65039721460597,8.247497717792747,-8.287927996286895,-10.652058014186343,-3.6252011382298504,-4.726190841980324,-0.5499342213570512,-0.6223545246415281,0.5188855985185359,0.9887391680973513,-0.7456464326440486,3.7209440179698943,0.15890022239689405,-0.0113707474522751,0.6185715834111714,0.4375416069924586,0.021503048683631953,0.1009250327988151,-0.1360959308821047,-0.46365995322211984,0.5180613585321148,-0.7376467117193566,-0.2557702699996803,0.27468217860185806,-0.042796997057098274,-0.056523583150679735,0.05346597540230358,-0.08004512946696174,0.08800563300893585,-0.0740110081454205,-0.28592653438707927,-0.03828548361163003,0.060830157591090006,0.05366938018434611,0.01824200898522177,-0.057377913756839836,0.013280350820125464,0.02953685560266439,0.03850049734243041,-0.06217836919359265,0.09667221097621756,-0.010274003403721782,0.02223954124230898,0.15522389837878856,0.006523064892558494,0.02364633651268669,0.011216145747226874,3.097522238704187e-14
38,8.0,-41.16208844222582,53.5760014820477,16.862847895197852,8.07062545102774,-8.75972767323563,-10.196994224648938,-3.5559194348697956,-4.616786684937145,-0.11344961961423833,0.09856402063296099,-0.14875871870444152,-0.1416755647991306,0.20975019543015871,-0.6420492977969275,0.180511827668081,-0.17229933093313005,-0.6772338609234853,-0.24269323901159373,-0.006103739301309086,0.08604725623968357,0.18605228811977464,0.23489952768834158,-0.1848378426849768,0.4148856238878122,0.0709337717309235,-0.07800156438940184,-0.13625290458173356,0.08210590112572769,-0.011067943664912483,-0.39002948249755026,0.11744061550314402,-0.21171569768396448,-0.8422612466725093,0.09663368766370878,0.10294218893315998,0.22373451825008897,-0.3379257929225089,0.13877412720919713,0.15288280234947693,-0.1419799630141042,-0.2774711295046338,0.05954292482038798,-0.3469497246157691,-0.05906110857454436,-0.2788817905499883,-0.4611680830494571,0.030323086263858157,-0.16438260782518457,-0.11250110716689793,5.10702591327572e-15
39,8.0,-41.153207698315725,53.22651439842787,17.036358457538043,7.984898478616308,-8.537288892790977,-10.099089665286654,-3.5455256201435676,-4.576117546482818,-0.36926403561682947,-0.14604333929578261,0.14851141749192123,0.43127078988322987,-0.1715329252518037,1.488391094789495,0.6596313549966755,0.1361151840744855,-0.5886891512808354,-0.43074793101337067,-0.10197884278509267,-0.1618023051912251,0.11430603892902867,0.5198190276647596,-0.7215931339818692,0.9264295598733239,0.3576792801068029,-0.33291062843447383,0.07613966061527477,0.0688883620862838,-0.0059534950528971065,0.3278493737326329,-0.2040479425175098,0.18689287688466893,0.885456180605705,-0.044364082946808436,-0.08628004963725053,-0.20192052219629517,0.13527537812540646,0.010364554894010995,-0.06543057692999488,-0.011865596857011607,0.07830775947409468,0.1193882846827865,-0.04005824048162432,0.07398887941975651,0.06585710688096491,-0.104773486350131,-0.03710200231620764,0.007307546986736135,0.027357249822594215,2.403632848313464e-14
40,9.0,-22.205479443110395,-27.879304704970927,-11.095892902448282,28.809607549319825,-14.297695439277318,3.422636183172861,6.129300387977793,4.393076818138271,-1.4522901310772203,0.6667273585713815,-2.6063958877542213,-3.96624221789053,-0.3069676859463255,0.7681492272978403,-0.6347507126576258,0.05869944687679249,0.9149682238329323,-0.30803193010104823,-0.21237073620255598,1.288501319695841,-0.175512968347012,0.06604143818795338,-0.12274456658045318,0.3071618687448393,0.05967829741669711,-0.1316974960316349,0.11066118964890367,-0.21664437267367787,0.04055422346483767,-0.22104582254076843,-0.2820003065088881,0.054818481267090324,0.041242167203102933,-0.05219842005482034,0.02590122012834367,0.10971640313070159,-0.18150791455940785,0.03889377280905865,0.11612928350558449,-0.13213351810478746,0.11266640052420195,0.13586498737211755,0.09484723825884889,-0.1890470274195406,-0.02523399097791068,0.05972127863319729,0.019615153751977532,-0.034764278325617626,-0.00625222884285237,2.1760371282653068e-14
41,9.0,-22.730295471970194,-27.925683076347806,-9.973904197715227,28.520042586745333,-13.051750689184729,4.300615541697342,5.405969191593927,3.9694363413550042,-2.671400972068356,-0.46867656332401614,1.2334292733943109,1.92767317807092,0.15233293327245914,-0.48331453322580165,0.5389191212988003,-0.08795243227531371,-0.7201281610068002,0.12419202152627451,0.1334520758844782,-0.8695518831169494,0.009953314148364513,0.013416569391785704,-0.04924378852340028,-0.2188174019884049,-0.1615539774589922,0.4774523270534827,-0.18302473436052658,0.08562834699849307,0.4664586840803234,-0.6809660966597639,-0.6545254754907223,0.11459696285971815,0.2296369976898942,-0.3828701230312742,0.06677343719961687,0.1589304465334395,-0.22147414389478093,0.038186474036835505,0.005578245985928487,-0.17819841031813644,0.20738273044215885,0.13199502921504214,0.09436275357949826,-0.28905566413650174,-0.022395150384806828,0.1198588221688153,-0.006724819704958307,-0.0801504120802449,-0.04212238708641561,3.626959843572308e-14
42,9.0,-22.66914254409024,-28.03337492138003,-10.44054720124501,28.615828199622367,-14.035920310237174,3.9027857753282866,5.953635076452467,4.388890548936797,-2.0919030543149146,0.3584605185759502,-1.048428126080583,-1.4533737573680547,-0.023087427578590378,0.21872866798649787,0.30003334976693136,0.021082138417749474,-0.5231374245053142,0.13467121780174302,0.07078742571636246,-0.5907227432897206,-0.011591938067166758,-0.029031315203274344,0.0493163561208424,-0.17590206107015716,0.02053094428595184,0.06900221031703405,-0.032525309083382414,0.06874839714863196,0.18583012187615922,-0.0499822733069587,-0.07925756263104664,-0.03004128477386242,-0.13039723288431337,0.024839491344526843,0.035614780672218946,-0.010986833611742183,0.4925577565804467,-0.023445025258755303,-0.39670231608489365,0.4303771843668626,-0.44026448699563747,-0.3575713907329675,-0.19146065352552483,0.6024642712502831,0.09779823933581083,-0.15885150122354558,-0.06311066040377394,0.13720563571665445,0.0354745469228232,3.184952301893418e-14
43,9.0,-22.26838874157865,-27.56699674273663,-9.560601402175045,28.58642945015503,-12.06360604340086,4.109318786780345,5.290077605676786,3.474259151014743,-2.790151962987047,-0.8755765259548143,2.998237517098635,4.356642580440178,0.09552787170980598,-0.6492561469505449,-0.496578498251162,0.07040204885193856,0.9629950437616828,-0.30494042234739965,-0.20223585685005044,1.2231619190880916,-0.06424086341448215,0.04440903767483051,-0.042495160589663294,0.284178235836791,0.13637478612262388,-0.26270859695115095,0.16103032962572414,-0.11663890229339068,-0.17904961467222757,0.18322374810485004,0.19641380189089075,-0.04278909816280663,-0.09765559960182568,0.1638742505692058,-0.009916482618008135,-0.02552979036000978,0.0984004141401632,-0.039404507476858766,0.007836512745327928,0.06883306697034153,-0.09862098731403492,-0.04540515161461431,-0.020671247337045506,0.10940787463830161,0.011433849605447188,-0.05734058737990379,0.011329062490656072,0.03054104856707346,0.011448853950238369,1.6084356069256955e-14
44,9.0,-22.614152932183178,-28.05078518011158,-10.208065734302215,28.664453937888577,-13.662270481253282,3.879679026218864,5.729637668508773,4.1715618591788495,-2.2684459729553894,0.18612147857112402,-0.475813602180868,-0.7202952266041838,0.044928078972114635,0.1176464461757128,0.3215122765373749,-0.049841546180632426,-0.5840285963063601,0.35751317913592134,0.21300678899567038,-1.0385080429927447,0.23683800046977038,-0.09848755020361402,0.15160628670906384,-0.18832441287241325,-0.05523507038185693,-0.14515630082361178,-0.05565812975211629,0.17592116176537742,-0.5209300233089893,0.7631844047027794,0.8273318764109561,-0.100506410310023,-0.04075449719178437,0.24947709013306796,-0.1176180610088486,-0.22404604347485324,-0.1911713013358397,-0.011792027843732927,0.27259528317587556,-0.19128337209952762,0.21991941660649333,0.13912941058631131,0.02266959666748869,-0.23077418031489275,-0.0620264959830682,0.03506751277411184,0.03755585580567394,-0.051331179724701415,0.00280799118846653,2.8699265186560297e-14
45,10.0,-28.308356477378858,-43.76736891863938,36.2807452835878,-11.208812926075765,-1.261306167772852,2.579540532757366,-1.9165895818181586,-2.31354436045506,1.2912090354001369,-1.7320559667101454,4.33257294449372,-2.9656355969348436,0.4203345079506723,0.1531291096225038,0.23776059050605947,-0.08837103747216615,0.19957227032964323,-0.8732898414931425,1.1121584753900573,-0.15558620307171211,0.011366385538967991,-0.0012891094977766082,-0.010544665853074564,-0.17122095664730633,0.01775005489077347,-0.04458135097085017,0.04778312611071425,-0.128606075219728,0.08796749139837434,0.15987598407367565,-0.17673044280640754,-0.4605319256252054,0.11193392254422296,0.21543114323487517,-0.10775570213951713,0.2694867656132387,-0.12817019659924622,0.05272612361153206,0.01966241332726515,0.02734939427843716,0.019747842415567596,-0.07286796057542833,-0.0133953315904273,0.03682979336303538,0.029285523077662086,0.01630999755100125,-0.002753033562763005,-0.0016148922053925013,-0.021500326933174538,2.263467191454538e-14
46,10.0,-28.201056582138246,-44.872768624321715,36.73222721439642,-11.655304422537041,-2.0701001728225474,2.562649234444112,-1.827183376935222,-2.4472316761536197,1.1233910005153076,0.6484161640448662,-1.1753307370385253,0.8046127331736488,-0.17786649448621653,-0.1244451084223152,-0.18260386382541294,0.0664530486714544,-0.008222310342110906,0.7493243402498524,-0.7722155341364345,0.03952162130691084,-0.1212447728111842,-0.04763458261030851,-0.004033146104133412,0.14393295154903982,-0.0290287904087716,-0.1521987689476807,0.17568155808111982,0.143606886241728,0.19631253067888957,0.11097074449456112,-0.39075687987225943,-0.9804383237286236,-0.11193412515260548,-0.16414789998172954,-0.09255039073740232,-0.8252835335109948,-0.1494062355664474,-0.030960509446794293,-0.11877391167803941,-0.025488445738844373,-0.06447610351055727,0.019203020388300462,-0.01869597102465073,-0.08075666394265746,0.028183178199945536,0.03286245943019728,-0.049869578106611245,-0.015494138170573976,-0.008242634525251091,3.5166314305001833e-14
47,10.0,-28.1717388459444,-44.544858874788325,36.76048519259609,-11.484673236376853,-1.8425815530071776,2.5349583161386215,-1.8077772505161478,-2.410731723125731,1.292189246669228,-0.555568567147272,1.835165720323631,-1.362880036385822,0.26774860852515,0.007634464647840747,0.09897523156320176,0.08199361326343241,0.1469851640019782,0.4622961441589598,-0.36893378421360723,0.0638228964284816,0.01766887429542075,0.049159305516705665,-0.042299229008533334,0.1578756597144483,0.012400446143660315,-0.02799288800668631,-0.11375393988906957,0.24191711821709455,-0.22653751979962944,-0.3902439282953595,0.38064879880826036,1.010089817767946,-0.24932277302469436,-0.4275185160503069,0.23885878854378287,-0.4874616271733425,0.30475099492076707,-0.1075657347536948,-0.044623288035502306,-0.05866876358345141,-0.07786503177969878,0.15723208238335995,0.03696913741379493,-0.08086120990341916,-0.05786426968502677,-0.04266229269446675,0.003237706560674361,0.00453706788999543,0.038338228640551794,2.6478819137309983e-14
48,10.0,-28.498069720965848,-44.76707721046202,37.329323167976,-11.931827463862648,-2.1667175884263115,2.770391828606072,-1.9489803477466543,-2.2815396140556894,1.2218975626789976,0.5102315500511667,-0.8513153768192953,0.6269617576458373,0.08107677350623962,-0.09362623384305016,0.25884730947917245,0.03231217281407725,-0.6656252643233199,0.870181164461931,-1.4142434880812453,0.33912001156149707,0.05193839398356756,0.07794571004907769,0.03072850363669155,-0.009446526445748615,-0.061562222458130644,0.28884149197817577,0.01356927684233769,-0.20814089948247833,0.011307860184946679,0.15282403496531538,0.10930029354686965,0.18074125569397131,0.2533716231742899,0.39456979250074964,-0.07889217855338787,0.9174177363950987,-0.07686059921578137,0.11382813182097073,0.1391078053989192,0.07846291962346383,0.15795032213248977,-0.12176575388650557,-0.027754368579062105,0.1323088714932258,0.009039915854462191,0.015809725645702887,0.05306037063323982,0.007870562507370657,-0.011452893486807239,2.4619195571062846e-14
49,10.0,-28.176839764914494,-45.130489846077374,36.86569842830465,-11.916315998480778,-1.9323387923828672,2.581296293488547,-1.709650377205556,-2.4793711277648836,1.0313150463716378,1.314360658890135,-4.064474114991841,2.7504622740879134,-0.5246089234221119,0.039954884191726076,-0.39781290593792396,-0.07037269902646408,0.3642628568970204,-1.2139485389397693,1.4783446994160618,-0.2872657433600285,0.038936380021644325,-0.07305917366725168,0.021190239535115563,-0.11514474944530503,0.05319575268028964,-0.07676193484666112,-0.11719259609062774,-0.04824866189099464,-0.06230467207390377,-0.03525775090415373,0.07246784766329845,0.24321037938217288,-0.007076200258880061,-0.020171222596949673,0.04048887710368626,0.1232654119024644,0.04866187539953937,-0.027545994793142237,0.006355696918077913,-0.020866242896639214,-0.03519662574706828,0.01768889435852783,0.022611914764097407,-0.008480449253051137,-0.007730710752765199,-0.020777177537693647,-0.002851167473580024,0.004862300729522748,0.0012983075314146608,3.405609128037668e-14
